geno,Env,trait,pheno
WW-001,INRA,Heading,164.56
WW-002,INRA,Heading,159.63
WW-003,INRA,Heading,155.55
WW-004,INRA,Heading,155.28
WW-005,INRA,Heading,161.66
WW-006,INRA,Heading,158.59
WW-007,INRA,Heading,156.17
WW-008,INRA,Heading,156.91
WW-009,INRA,Heading,169.96
WW-010,INRA,Heading,154.95
WW-011,INRA,Heading,164.27
WW-012,INRA,Heading,162.82
WW-013,INRA,Heading,162.97
WW-014,INRA,Heading,163
WW-015,INRA,Heading,165.04
WW-016,INRA,Heading,158.56
WW-017,INRA,Heading,160.09
WW-018,INRA,Heading,157.97
WW-019,INRA,Heading,153.05
WW-020,INRA,Heading,149.02
WW-021,INRA,Heading,152.04
WW-022,INRA,Heading,154.89
WW-023,INRA,Heading,147.52
WW-024,INRA,Heading,155.08
WW-025,INRA,Heading,157.92
WW-026,INRA,Heading,156.53
WW-027,INRA,Heading,158.71
WW-028,INRA,Heading,159.6
WW-029,INRA,Heading,146.81
WW-030,INRA,Heading,168.71
WW-031,INRA,Heading,168.93
WW-032,INRA,Heading,165.44
WW-033,INRA,Heading,155.87
WW-034,INRA,Heading,159.61
WW-035,INRA,Heading,160.92
WW-036,INRA,Heading,164.11
WW-037,INRA,Heading,156.28
WW-038,INRA,Heading,160.44
WW-039,INRA,Heading,168.17
WW-040,INRA,Heading,160.08
WW-041,INRA,Heading,155.23
WW-042,INRA,Heading,162.3
WW-043,INRA,Heading,168.77
WW-044,INRA,Heading,162.45
WW-045,INRA,Heading,159.25
WW-046,INRA,Heading,160.32
WW-047,INRA,Heading,156.09
WW-048,INRA,Heading,167.64
WW-049,INRA,Heading,167.2
WW-050,INRA,Heading,163.52
WW-052,INRA,Heading,160.41
WW-053,INRA,Heading,169.36
WW-055,INRA,Heading,162.41
WW-056,INRA,Heading,163.43
WW-057,INRA,Heading,156.38
WW-058,INRA,Heading,154.23
WW-059,INRA,Heading,166.32
WW-060,INRA,Heading,162.26
WW-061,INRA,Heading,160.73
WW-062,INRA,Heading,159.12
WW-063,INRA,Heading,168.35
WW-064,INRA,Heading,162.92
WW-065,INRA,Heading,164.24
WW-066,INRA,Heading,152.14
WW-067,INRA,Heading,152.02
WW-068,INRA,Heading,156.68
WW-069,INRA,Heading,148.77
WW-070,INRA,Heading,155.31
WW-071,INRA,Heading,150.28
WW-072,INRA,Heading,147.32
WW-073,INRA,Heading,152.98
WW-074,INRA,Heading,143.34
WW-075,INRA,Heading,148.54
WW-076,INRA,Heading,141.87
WW-077,INRA,Heading,149.44
WW-078,INRA,Heading,154.63
WW-079,INRA,Heading,144.05
WW-080,INRA,Heading,158.35
WW-081,INRA,Heading,171.99
WW-082,INRA,Heading,147.21
WW-083,INRA,Heading,144.53
WW-084,INRA,Heading,156.29
WW-085,INRA,Heading,157.62
WW-086,INRA,Heading,160.5
WW-087,INRA,Heading,157.73
WW-088,INRA,Heading,159.75
WW-089,INRA,Heading,159.2
WW-090,INRA,Heading,157.63
WW-091,INRA,Heading,157.99
WW-092,INRA,Heading,160.46
WW-093,INRA,Heading,160.44
WW-094,INRA,Heading,172.6
WW-095,INRA,Heading,160.57
WW-096,INRA,Heading,164.49
WW-097,INRA,Heading,157.92
WW-098,INRA,Heading,168.58
WW-099,INRA,Heading,171.95
WW-100,INRA,Heading,170.71
WW-101,INRA,Heading,172.69
WW-102,INRA,Heading,172.77
WW-103,INRA,Heading,173.65
WW-104,INRA,Heading,162.38
WW-105,INRA,Heading,166.93
WW-106,INRA,Heading,177.8
WW-107,INRA,Heading,173.25
WW-108,INRA,Heading,172.44
WW-109,INRA,Heading,161.12
WW-110,INRA,Heading,175.3
WW-111,INRA,Heading,169.93
WW-112,INRA,Heading,172.86
WW-113,INRA,Heading,173.64
WW-114,INRA,Heading,166.35
WW-115,INRA,Heading,175.59
WW-116,INRA,Heading,177.96
WW-117,INRA,Heading,171.72
WW-118,INRA,Heading,172.58
WW-119,INRA,Heading,176.61
WW-120,INRA,Heading,179.24
WW-121,INRA,Heading,170.4
WW-122,INRA,Heading,173.08
WW-123,INRA,Heading,171.84
WW-124,INRA,Heading,178.76
WW-125,INRA,Heading,154.2
WW-127,INRA,Heading,158.38
WW-131,INRA,Heading,147.26
WW-132,INRA,Heading,151.76
WW-133,INRA,Heading,169.23
WW-134,INRA,Heading,152.29
WW-135,INRA,Heading,151.34
WW-136,INRA,Heading,150.45
WW-137,INRA,Heading,150.07
WW-138,INRA,Heading,151.39
WW-140,INRA,Heading,151.77
WW-143,INRA,Heading,162.42
WW-145,INRA,Heading,164.5
WW-146,INRA,Heading,149.11
WW-147,INRA,Heading,147.29
WW-148,INRA,Heading,167.14
WW-149,INRA,Heading,161.74
WW-150,INRA,Heading,167.62
WW-151,INRA,Heading,160.84
WW-152,INRA,Heading,153.75
WW-153,INRA,Heading,169.69
WW-154,INRA,Heading,156.1
WW-155,INRA,Heading,161.59
WW-156,INRA,Heading,163.29
WW-157,INRA,Heading,160.14
WW-158,INRA,Heading,163.43
WW-159,INRA,Heading,155.27
WW-160,INRA,Heading,161.97
WW-161,INRA,Heading,161.26
WW-162,INRA,Heading,163.97
WW-163,INRA,Heading,167.38
WW-164,INRA,Heading,165.31
WW-165,INRA,Heading,163.79
WW-166,INRA,Heading,161.27
WW-167,INRA,Heading,164.22
WW-168,INRA,Heading,160.02
WW-169,INRA,Heading,166.15
WW-170,INRA,Heading,148.5
WW-171,INRA,Heading,154.64
WW-172,INRA,Heading,144.79
WW-173,INRA,Heading,144.49
WW-174,INRA,Heading,147.78
WW-175,INRA,Heading,145.77
WW-176,INRA,Heading,154.01
WW-177,INRA,Heading,154.07
WW-183,INRA,Heading,154.69
WW-184,INRA,Heading,153.31
WW-185,INRA,Heading,147.56
WW-186,INRA,Heading,148.76
WW-187,INRA,Heading,155.53
WW-188,INRA,Heading,159.46
WW-189,INRA,Heading,159.14
WW-190,INRA,Heading,153.83
WW-191,INRA,Heading,152.62
WW-192,INRA,Heading,148.84
WW-194,INRA,Heading,148.99
WW-195,INRA,Heading,158.94
WW-196,INRA,Heading,161.73
WW-197,INRA,Heading,153.71
WW-207,INRA,Heading,158.03
WW-208,INRA,Heading,159.05
WW-209,INRA,Heading,157.83
WW-210,INRA,Heading,152.8
WW-211,INRA,Heading,157.21
WW-212,INRA,Heading,154.18
WW-213,INRA,Heading,144.17
WW-214,INRA,Heading,166.6
WW-215,INRA,Heading,153.33
WW-216,INRA,Heading,160.67
WW-217,INRA,Heading,157.24
WW-218,INRA,Heading,152.48
WW-219,INRA,Heading,158.83
WW-220,INRA,Heading,159.38
WW-221,INRA,Heading,159.63
WW-222,INRA,Heading,154.39
WW-223,INRA,Heading,159.27
WW-224,INRA,Heading,161.82
WW-225,INRA,Heading,154.71
WW-226,INRA,Heading,156.59
WW-227,INRA,Heading,150.72
WW-228,INRA,Heading,152.35
WW-240,INRA,Heading,163.48
WW-241,INRA,Heading,148.82
WW-271,INRA,Heading,163.67
WW-276,INRA,Heading,156.47
WW-277,INRA,Heading,156.2
WW-278,INRA,Heading,162.25
WW-279,INRA,Heading,154.95
WW-280,INRA,Heading,161.28
WW-281,INRA,Heading,156.44
WW-282,INRA,Heading,158.85
WW-283,INRA,Heading,150.87
WW-284,INRA,Heading,145.18
WW-285,INRA,Heading,157.14
WW-286,INRA,Heading,158.19
WW-287,INRA,Heading,162.58
WW-288,INRA,Heading,148.05
WW-289,INRA,Heading,153.67
WW-290,INRA,Heading,164.33
WW-291,INRA,Heading,166.73
WW-292,INRA,Heading,149.08
WW-293,INRA,Heading,166.63
WW-294,INRA,Heading,148.64
WW-295,INRA,Heading,152.6
WW-296,INRA,Heading,164.09
WW-297,INRA,Heading,159.35
WW-298,INRA,Heading,165.59
WW-299,INRA,Heading,147.62
WW-300,INRA,Heading,153.2
WW-301,INRA,Heading,152.28
WW-302,INRA,Heading,169.15
WW-303,INRA,Heading,159.09
WW-304,INRA,Heading,155.68
WW-305,INRA,Heading,161.64
WW-306,INRA,Heading,169.56
WW-307,INRA,Heading,159.92
WW-308,INRA,Heading,159.58
WW-309,INRA,Heading,143.09
WW-310,INRA,Heading,166.89
WW-311,INRA,Heading,
WW-312,INRA,Heading,149.13
WW-313,INRA,Heading,161.07
WW-314,INRA,Heading,147.18
WW-315,INRA,Heading,154.82
WW-316,INRA,Heading,159.94
WW-317,INRA,Heading,166.2
WW-318,INRA,Heading,147.23
WW-319,INRA,Heading,152.05
WW-321,INRA,Heading,160.52
WW-322,INRA,Heading,167.25
WW-323,INRA,Heading,164.68
WW-324,INRA,Heading,157.25
WW-325,INRA,Heading,156.95
WW-326,INRA,Heading,161.84
WW-327,INRA,Heading,155.76
WW-328,INRA,Heading,163.55
WW-329,INRA,Heading,172.56
WW-330,INRA,Heading,158.34
WW-331,INRA,Heading,159.98
WW-332,INRA,Heading,166.21
WW-333,INRA,Heading,161.2
WW-334,INRA,Heading,171.34
WW-335,INRA,Heading,158.61
WW-336,INRA,Heading,148.36
WW-337,INRA,Heading,144.87
WW-338,INRA,Heading,166.41
WW-339,INRA,Heading,155.56
WW-340,INRA,Heading,157.28
WW-341,INRA,Heading,157.49
WW-342,INRA,Heading,154.63
WW-343,INRA,Heading,155.84
WW-344,INRA,Heading,153.93
WW-345,INRA,Heading,171.61
WW-346,INRA,Heading,163.24
WW-347,INRA,Heading,164.06
WW-348,INRA,Heading,174.46
WW-349,INRA,Heading,163.88
WW-350,INRA,Heading,152.84
WW-351,INRA,Heading,164.13
WW-352,INRA,Heading,155.12
WW-353,INRA,Heading,161.19
WW-354,INRA,Heading,154.48
WW-355,INRA,Heading,168.03
WW-356,INRA,Heading,154.11
WW-357,INRA,Heading,159.52
WW-358,INRA,Heading,145.04
WW-359,INRA,Heading,145.54
WW-360,INRA,Heading,148.01
WW-361,INRA,Heading,147.87
WW-362,INRA,Heading,157.49
WW-363,INRA,Heading,148.08
WW-364,INRA,Heading,150.03
WW-365,INRA,Heading,160.98
WW-366,INRA,Heading,146.13
WW-367,INRA,Heading,147.48
WW-368,INRA,Heading,159.7
WW-369,INRA,Heading,154.73
WW-371,INRA,Heading,149.16
WW-372,INRA,Heading,155.26
WW-374,INRA,Heading,160.39
WW-375,INRA,Heading,159.69
WW-376,INRA,Heading,149.91
WW-377,INRA,Heading,154.02
WW-378,INRA,Heading,152.05
WW-379,INRA,Heading,170.88
WW-380,INRA,Heading,173.99
WW-381,INRA,Heading,170.76
WW-382,INRA,Heading,159.61
WW-383,INRA,Heading,154.93
WW-384,INRA,Heading,148.34
WW-385,INRA,Heading,165.46
WW-386,INRA,Heading,165.91
WW-387,INRA,Heading,162.64
WW-388,INRA,Heading,163.15
WW-389,INRA,Heading,158.21
WW-390,INRA,Heading,161.21
WW-391,INRA,Heading,162
WW-392,INRA,Heading,169.57
WW-393,INRA,Heading,154.37
WW-394,INRA,Heading,153.84
WW-396,INRA,Heading,151.68
WW-397,INRA,Heading,153.27
WW-398,INRA,Heading,146.85
WW-399,INRA,Heading,149.09
WW-400,INRA,Heading,152.58
WW-401,INRA,Heading,154.68
WW-402,INRA,Heading,154.79
WW-403,INRA,Heading,160.91
WW-404,INRA,Heading,153.86
WW-405,INRA,Heading,161.43
WW-406,INRA,Heading,156.58
WW-407,INRA,Heading,168.12
WW-408,INRA,Heading,162.64
WW-409,INRA,Heading,160.22
WW-410,INRA,Heading,146.33
WW-411,INRA,Heading,155.49
WW-412,INRA,Heading,161.38
WW-413,INRA,Heading,155.81
WW-414,INRA,Heading,151.54
WW-415,INRA,Heading,166.03
WW-416,INRA,Heading,146.36
WW-417,INRA,Heading,148.09
WW-419,INRA,Heading,170.42
WW-420,INRA,Heading,152.25
WW-421,INRA,Heading,158.9
WW-422,INRA,Heading,155.64
WW-423,INRA,Heading,173.72
WW-424,INRA,Heading,155.77
WW-425,INRA,Heading,163.11
WW-426,INRA,Heading,166.08
WW-427,INRA,Heading,155.92
WW-428,INRA,Heading,160.97
WW-429,INRA,Heading,160.95
WW-430,INRA,Heading,152.66
WW-431,INRA,Heading,153.02
WW-432,INRA,Heading,153.58
WW-433,INRA,Heading,144.56
WW-434,INRA,Heading,167.53
WW-435,INRA,Heading,149.93
WW-436,INRA,Heading,176.82
WW-437,INRA,Heading,176.58
WW-438,INRA,Heading,169.92
WW-439,INRA,Heading,155.68
WW-440,INRA,Heading,158.46
WW-441,INRA,Heading,155.59
WW-442,INRA,Heading,160.06
WW-444,INRA,Heading,153.8
WW-445,INRA,Heading,155.39
WW-446,INRA,Heading,159.15
WW-447,INRA,Heading,175.3
WW-448,INRA,Heading,154.79
WW-449,INRA,Heading,154.04
WW-450,INRA,Heading,163.71
WW-451,INRA,Heading,159.59
WW-452,INRA,Heading,152.42
WW-453,INRA,Heading,156.49
WW-454,INRA,Heading,156.35
WW-455,INRA,Heading,155.01
WW-456,INRA,Heading,153.41
WW-457,INRA,Heading,145.86
WW-458,INRA,Heading,147.97
WW-459,INRA,Heading,154.99
WW-460,INRA,Heading,155.12
WW-461,INRA,Heading,161.25
WW-462,INRA,Heading,161.74
WW-463,INRA,Heading,148.75
WW-464,INRA,Heading,163.15
WW-465,INRA,Heading,154.72
WW-467,INRA,Heading,155.56
WW-468,INRA,Heading,172.36
WW-469,INRA,Heading,151.4
WW-470,INRA,Heading,164.61
WW-471,INRA,Heading,147.23
WW-472,INRA,Heading,160.86
WW-473,INRA,Heading,152.64
WW-474,INRA,Heading,153.66
WW-475,INRA,Heading,155.27
WW-476,INRA,Heading,151.48
WW-477,INRA,Heading,148.37
WW-478,INRA,Heading,143.73
WW-479,INRA,Heading,151.68
WW-480,INRA,Heading,150.55
WW-481,INRA,Heading,157.83
WW-482,INRA,Heading,156.6
WW-483,INRA,Heading,153.17
WW-484,INRA,Heading,152.1
WW-485,INRA,Heading,148.05
WW-486,INRA,Heading,153.54
WW-487,INRA,Heading,149.23
WW-488,INRA,Heading,160.51
WW-489,INRA,Heading,159.58
WW-490,INRA,Heading,160.92
WW-492,INRA,Heading,168.32
WW-493,INRA,Heading,162.01
WW-494,INRA,Heading,163.73
WW-495,INRA,Heading,158.31
WW-496,INRA,Heading,157.9
WW-497,INRA,Heading,156.91
WW-498,INRA,Heading,158.05
WW-499,INRA,Heading,168.65
WW-500,INRA,Heading,169.32
WW-501,INRA,Heading,151.98
WW-502,INRA,Heading,153.99
WW-503,INRA,Heading,148.92
WW-504,INRA,Heading,158.87
WW-505,INRA,Heading,154.28
WW-506,INRA,Heading,155.15
WW-507,INRA,Heading,161.7
WW-508,INRA,Heading,158.06
WW-509,INRA,Heading,162.47
WW-510,INRA,Heading,160.7
WW-511,INRA,Heading,158.64
WW-512,INRA,Heading,158.71
WW-001,KWS,Heading,221.59
WW-002,KWS,Heading,216.69
WW-003,KWS,Heading,212.85
WW-004,KWS,Heading,214.79
WW-005,KWS,Heading,216.8
WW-006,KWS,Heading,212.5
WW-007,KWS,Heading,218.34
WW-008,KWS,Heading,215.31
WW-009,KWS,Heading,220.06
WW-010,KWS,Heading,215.48
WW-011,KWS,Heading,223.1
WW-012,KWS,Heading,220.02
WW-013,KWS,Heading,219.8
WW-014,KWS,Heading,220.07
WW-015,KWS,Heading,220.82
WW-016,KWS,Heading,211.12
WW-017,KWS,Heading,212.61
WW-018,KWS,Heading,211.06
WW-019,KWS,Heading,209.3
WW-020,KWS,Heading,201.56
WW-021,KWS,Heading,212
WW-022,KWS,Heading,212.86
WW-023,KWS,Heading,205.49
WW-024,KWS,Heading,213.69
WW-025,KWS,Heading,217.1
WW-026,KWS,Heading,216.22
WW-027,KWS,Heading,219.41
WW-028,KWS,Heading,211.62
WW-029,KWS,Heading,199.38
WW-030,KWS,Heading,222.36
WW-031,KWS,Heading,221.19
WW-032,KWS,Heading,217.97
WW-033,KWS,Heading,216.35
WW-034,KWS,Heading,217.13
WW-035,KWS,Heading,213.29
WW-036,KWS,Heading,221.96
WW-037,KWS,Heading,213.13
WW-038,KWS,Heading,221.15
WW-039,KWS,Heading,224.02
WW-040,KWS,Heading,217.76
WW-041,KWS,Heading,214.38
WW-042,KWS,Heading,219.13
WW-043,KWS,Heading,220.04
WW-044,KWS,Heading,219.2
WW-045,KWS,Heading,218.21
WW-046,KWS,Heading,220.01
WW-047,KWS,Heading,212.7
WW-048,KWS,Heading,223.77
WW-049,KWS,Heading,219.61
WW-050,KWS,Heading,221.12
WW-052,KWS,Heading,217.36
WW-053,KWS,Heading,221.23
WW-055,KWS,Heading,218.89
WW-056,KWS,Heading,221.57
WW-057,KWS,Heading,215.87
WW-058,KWS,Heading,211.77
WW-059,KWS,Heading,219.16
WW-060,KWS,Heading,218.21
WW-061,KWS,Heading,217.16
WW-062,KWS,Heading,216.29
WW-063,KWS,Heading,218.89
WW-064,KWS,Heading,218.58
WW-065,KWS,Heading,221.58
WW-066,KWS,Heading,214.52
WW-067,KWS,Heading,206.44
WW-068,KWS,Heading,213.84
WW-069,KWS,Heading,203.46
WW-070,KWS,Heading,211.54
WW-071,KWS,Heading,210.67
WW-072,KWS,Heading,203.02
WW-073,KWS,Heading,206.58
WW-074,KWS,Heading,196.83
WW-075,KWS,Heading,206.83
WW-076,KWS,Heading,201.39
WW-077,KWS,Heading,199.72
WW-078,KWS,Heading,205.26
WW-079,KWS,Heading,198.14
WW-080,KWS,Heading,221.55
WW-081,KWS,Heading,226.39
WW-082,KWS,Heading,202.77
WW-083,KWS,Heading,225.47
WW-084,KWS,Heading,211.75
WW-085,KWS,Heading,216.47
WW-086,KWS,Heading,216.55
WW-087,KWS,Heading,212.58
WW-088,KWS,Heading,214.63
WW-089,KWS,Heading,214.2
WW-090,KWS,Heading,212.17
WW-091,KWS,Heading,217.82
WW-092,KWS,Heading,218.87
WW-093,KWS,Heading,215.28
WW-094,KWS,Heading,227.14
WW-095,KWS,Heading,220.18
WW-096,KWS,Heading,220.83
WW-097,KWS,Heading,212.83
WW-098,KWS,Heading,229.04
WW-099,KWS,Heading,223.8
WW-100,KWS,Heading,228.26
WW-101,KWS,Heading,225.47
WW-102,KWS,Heading,225.12
WW-103,KWS,Heading,226.8
WW-104,KWS,Heading,224.08
WW-105,KWS,Heading,225.35
WW-106,KWS,Heading,227.87
WW-107,KWS,Heading,226.53
WW-108,KWS,Heading,227.56
WW-109,KWS,Heading,221.03
WW-110,KWS,Heading,230.24
WW-111,KWS,Heading,225.61
WW-112,KWS,Heading,227.46
WW-113,KWS,Heading,228.72
WW-114,KWS,Heading,226.73
WW-115,KWS,Heading,227.54
WW-116,KWS,Heading,234.3
WW-117,KWS,Heading,231.93
WW-118,KWS,Heading,228.63
WW-119,KWS,Heading,228.91
WW-120,KWS,Heading,236.82
WW-121,KWS,Heading,236.55
WW-122,KWS,Heading,227.07
WW-123,KWS,Heading,228.83
WW-124,KWS,Heading,237.38
WW-125,KWS,Heading,212.71
WW-127,KWS,Heading,214.77
WW-131,KWS,Heading,206.46
WW-132,KWS,Heading,209.32
WW-133,KWS,Heading,226.96
WW-134,KWS,Heading,207.97
WW-135,KWS,Heading,209.82
WW-136,KWS,Heading,208.18
WW-137,KWS,Heading,210.37
WW-138,KWS,Heading,205.31
WW-140,KWS,Heading,209.64
WW-143,KWS,Heading,222.54
WW-145,KWS,Heading,230.13
WW-146,KWS,Heading,209.8
WW-147,KWS,Heading,199.91
WW-148,KWS,Heading,221.81
WW-149,KWS,Heading,221.43
WW-150,KWS,Heading,222.83
WW-151,KWS,Heading,217.16
WW-152,KWS,Heading,210.63
WW-153,KWS,Heading,224.82
WW-154,KWS,Heading,213.08
WW-155,KWS,Heading,221.84
WW-156,KWS,Heading,217.39
WW-157,KWS,Heading,217
WW-158,KWS,Heading,220.27
WW-159,KWS,Heading,215.45
WW-160,KWS,Heading,216.24
WW-161,KWS,Heading,217.78
WW-162,KWS,Heading,218.69
WW-163,KWS,Heading,222.08
WW-164,KWS,Heading,219.63
WW-165,KWS,Heading,220.8
WW-166,KWS,Heading,219.24
WW-167,KWS,Heading,220.29
WW-168,KWS,Heading,218.37
WW-169,KWS,Heading,219.56
WW-170,KWS,Heading,201.34
WW-171,KWS,Heading,216.82
WW-172,KWS,Heading,198.86
WW-173,KWS,Heading,199.86
WW-174,KWS,Heading,202.27
WW-175,KWS,Heading,200.12
WW-176,KWS,Heading,209.05
WW-177,KWS,Heading,206.97
WW-183,KWS,Heading,212
WW-184,KWS,Heading,207.33
WW-185,KWS,Heading,204.33
WW-186,KWS,Heading,200.7
WW-187,KWS,Heading,217.12
WW-188,KWS,Heading,216.9
WW-189,KWS,Heading,212.41
WW-190,KWS,Heading,214.24
WW-191,KWS,Heading,208.76
WW-192,KWS,Heading,208.3
WW-194,KWS,Heading,203.05
WW-195,KWS,Heading,215.12
WW-196,KWS,Heading,217.4
WW-197,KWS,Heading,210.23
WW-207,KWS,Heading,215.58
WW-208,KWS,Heading,219.38
WW-209,KWS,Heading,211.91
WW-210,KWS,Heading,211.27
WW-211,KWS,Heading,215.08
WW-212,KWS,Heading,211.44
WW-213,KWS,Heading,225.93
WW-214,KWS,Heading,220.23
WW-215,KWS,Heading,215.92
WW-216,KWS,Heading,215.69
WW-217,KWS,Heading,210.8
WW-218,KWS,Heading,206.87
WW-219,KWS,Heading,214.02
WW-220,KWS,Heading,212.93
WW-221,KWS,Heading,217.68
WW-222,KWS,Heading,209.76
WW-223,KWS,Heading,214.26
WW-224,KWS,Heading,216.57
WW-225,KWS,Heading,211.26
WW-226,KWS,Heading,212.79
WW-227,KWS,Heading,210.58
WW-228,KWS,Heading,207.64
WW-240,KWS,Heading,218.85
WW-241,KWS,Heading,203.96
WW-271,KWS,Heading,216.97
WW-276,KWS,Heading,213.27
WW-277,KWS,Heading,214.35
WW-278,KWS,Heading,213.7
WW-279,KWS,Heading,214.95
WW-280,KWS,Heading,214.28
WW-281,KWS,Heading,213.5
WW-282,KWS,Heading,220.5
WW-283,KWS,Heading,207.42
WW-284,KWS,Heading,199.54
WW-285,KWS,Heading,211.78
WW-286,KWS,Heading,213.19
WW-287,KWS,Heading,222.55
WW-288,KWS,Heading,201.08
WW-289,KWS,Heading,211.04
WW-290,KWS,Heading,217.18
WW-291,KWS,Heading,223.61
WW-292,KWS,Heading,204.08
WW-293,KWS,Heading,223.53
WW-294,KWS,Heading,204.69
WW-295,KWS,Heading,215.16
WW-296,KWS,Heading,223.11
WW-297,KWS,Heading,218.79
WW-298,KWS,Heading,222.36
WW-299,KWS,Heading,202.62
WW-300,KWS,Heading,206.05
WW-301,KWS,Heading,203.66
WW-302,KWS,Heading,223.62
WW-303,KWS,Heading,209.98
WW-304,KWS,Heading,212.25
WW-305,KWS,Heading,218.49
WW-306,KWS,Heading,222.91
WW-307,KWS,Heading,216.65
WW-308,KWS,Heading,216.72
WW-309,KWS,Heading,199.82
WW-310,KWS,Heading,224.65
WW-311,KWS,Heading,212.49
WW-312,KWS,Heading,211.63
WW-313,KWS,Heading,221.03
WW-314,KWS,Heading,206.56
WW-315,KWS,Heading,211.28
WW-316,KWS,Heading,220.2
WW-317,KWS,Heading,217.31
WW-318,KWS,Heading,200.74
WW-319,KWS,Heading,214.86
WW-321,KWS,Heading,211.8
WW-322,KWS,Heading,222.17
WW-323,KWS,Heading,218.06
WW-324,KWS,Heading,211.62
WW-325,KWS,Heading,212.04
WW-326,KWS,Heading,220.43
WW-327,KWS,Heading,212.06
WW-328,KWS,Heading,215.98
WW-329,KWS,Heading,222.55
WW-330,KWS,Heading,215.09
WW-331,KWS,Heading,216.53
WW-332,KWS,Heading,222
WW-333,KWS,Heading,218.61
WW-334,KWS,Heading,226.73
WW-335,KWS,Heading,223.68
WW-336,KWS,Heading,205.44
WW-337,KWS,Heading,202.16
WW-338,KWS,Heading,214.71
WW-339,KWS,Heading,211.83
WW-340,KWS,Heading,216.09
WW-341,KWS,Heading,215.96
WW-342,KWS,Heading,213.68
WW-343,KWS,Heading,214.78
WW-344,KWS,Heading,210.6
WW-345,KWS,Heading,225.37
WW-346,KWS,Heading,220.63
WW-347,KWS,Heading,223.03
WW-348,KWS,Heading,227.81
WW-349,KWS,Heading,219.01
WW-350,KWS,Heading,213.61
WW-351,KWS,Heading,222.43
WW-352,KWS,Heading,212.46
WW-353,KWS,Heading,221.94
WW-354,KWS,Heading,208.87
WW-355,KWS,Heading,224.42
WW-356,KWS,Heading,210.4
WW-357,KWS,Heading,216.7
WW-358,KWS,Heading,194.23
WW-359,KWS,Heading,201.39
WW-360,KWS,Heading,202.87
WW-361,KWS,Heading,204.3
WW-362,KWS,Heading,214.04
WW-363,KWS,Heading,203.21
WW-364,KWS,Heading,208.13
WW-365,KWS,Heading,218.71
WW-366,KWS,Heading,203.74
WW-367,KWS,Heading,201.8
WW-368,KWS,Heading,214.26
WW-369,KWS,Heading,213.43
WW-371,KWS,Heading,209.88
WW-372,KWS,Heading,215.34
WW-374,KWS,Heading,216.58
WW-375,KWS,Heading,219.4
WW-376,KWS,Heading,205.83
WW-377,KWS,Heading,215.84
WW-378,KWS,Heading,208.42
WW-379,KWS,Heading,221.73
WW-380,KWS,Heading,231.95
WW-381,KWS,Heading,223.28
WW-382,KWS,Heading,214.12
WW-383,KWS,Heading,210.13
WW-384,KWS,Heading,199.2
WW-385,KWS,Heading,221.44
WW-386,KWS,Heading,221.86
WW-387,KWS,Heading,219.59
WW-388,KWS,Heading,219.57
WW-389,KWS,Heading,224.42
WW-390,KWS,Heading,219.39
WW-391,KWS,Heading,217.34
WW-392,KWS,Heading,219.77
WW-393,KWS,Heading,210.67
WW-394,KWS,Heading,206.46
WW-396,KWS,Heading,204.1
WW-397,KWS,Heading,212.15
WW-398,KWS,Heading,201.5
WW-399,KWS,Heading,209.53
WW-400,KWS,Heading,205.75
WW-401,KWS,Heading,211.44
WW-402,KWS,Heading,211.03
WW-403,KWS,Heading,219.5
WW-404,KWS,Heading,212.91
WW-405,KWS,Heading,215.22
WW-406,KWS,Heading,213.53
WW-407,KWS,Heading,222.63
WW-408,KWS,Heading,218.41
WW-409,KWS,Heading,218.92
WW-410,KWS,Heading,199.98
WW-411,KWS,Heading,213.32
WW-412,KWS,Heading,218.08
WW-413,KWS,Heading,210.32
WW-414,KWS,Heading,208.75
WW-415,KWS,Heading,224.81
WW-416,KWS,Heading,201.49
WW-417,KWS,Heading,201.52
WW-419,KWS,Heading,223.45
WW-420,KWS,Heading,202.36
WW-421,KWS,Heading,216.71
WW-422,KWS,Heading,206.65
WW-423,KWS,Heading,227.35
WW-424,KWS,Heading,216.11
WW-425,KWS,Heading,221.5
WW-426,KWS,Heading,219.75
WW-427,KWS,Heading,212.1
WW-428,KWS,Heading,218.43
WW-429,KWS,Heading,216.15
WW-430,KWS,Heading,211.31
WW-431,KWS,Heading,207.68
WW-432,KWS,Heading,208.21
WW-433,KWS,Heading,204.6
WW-434,KWS,Heading,221.44
WW-435,KWS,Heading,205.76
WW-436,KWS,Heading,232.66
WW-437,KWS,Heading,229.93
WW-438,KWS,Heading,224.6
WW-439,KWS,Heading,212.26
WW-440,KWS,Heading,215.92
WW-441,KWS,Heading,217.01
WW-442,KWS,Heading,212.85
WW-444,KWS,Heading,212.15
WW-445,KWS,Heading,214.58
WW-446,KWS,Heading,215.83
WW-447,KWS,Heading,227.23
WW-448,KWS,Heading,217.23
WW-449,KWS,Heading,216.22
WW-450,KWS,Heading,221.64
WW-451,KWS,Heading,217.03
WW-452,KWS,Heading,203.63
WW-453,KWS,Heading,212.12
WW-454,KWS,Heading,214.05
WW-455,KWS,Heading,209.81
WW-456,KWS,Heading,208.47
WW-457,KWS,Heading,205.98
WW-458,KWS,Heading,207.16
WW-459,KWS,Heading,212.98
WW-460,KWS,Heading,214.62
WW-461,KWS,Heading,214.59
WW-462,KWS,Heading,218.43
WW-463,KWS,Heading,201.21
WW-464,KWS,Heading,215.99
WW-465,KWS,Heading,208.85
WW-467,KWS,Heading,214.26
WW-468,KWS,Heading,227.64
WW-469,KWS,Heading,204.64
WW-470,KWS,Heading,219.56
WW-471,KWS,Heading,204.76
WW-472,KWS,Heading,211.94
WW-473,KWS,Heading,210.59
WW-474,KWS,Heading,207.54
WW-475,KWS,Heading,212.47
WW-476,KWS,Heading,208.93
WW-477,KWS,Heading,206.5
WW-478,KWS,Heading,199.59
WW-479,KWS,Heading,207.54
WW-480,KWS,Heading,209.41
WW-481,KWS,Heading,213.53
WW-482,KWS,Heading,214.94
WW-483,KWS,Heading,208.23
WW-484,KWS,Heading,203.68
WW-485,KWS,Heading,202.21
WW-486,KWS,Heading,218.7
WW-487,KWS,Heading,206.3
WW-488,KWS,Heading,222.77
WW-489,KWS,Heading,220.84
WW-490,KWS,Heading,220.6
WW-492,KWS,Heading,221.38
WW-493,KWS,Heading,219.18
WW-494,KWS,Heading,219.36
WW-495,KWS,Heading,213.43
WW-496,KWS,Heading,213.48
WW-497,KWS,Heading,213.83
WW-498,KWS,Heading,217
WW-499,KWS,Heading,224.2
WW-500,KWS,Heading,222.88
WW-501,KWS,Heading,209.36
WW-502,KWS,Heading,209.4
WW-503,KWS,Heading,206.64
WW-504,KWS,Heading,218.03
WW-505,KWS,Heading,212.39
WW-506,KWS,Heading,209.26
WW-507,KWS,Heading,219.35
WW-508,KWS,Heading,214.88
WW-509,KWS,Heading,219.64
WW-510,KWS,Heading,211.23
WW-511,KWS,Heading,214.69
WW-512,KWS,Heading,215.33
WW-001,ATK,Heading,219.06
WW-002,ATK,Heading,216.12
WW-003,ATK,Heading,214.94
WW-004,ATK,Heading,210.52
WW-005,ATK,Heading,216.27
WW-006,ATK,Heading,210.07
WW-007,ATK,Heading,213.78
WW-008,ATK,Heading,211.39
WW-009,ATK,Heading,220.69
WW-010,ATK,Heading,209.96
WW-011,ATK,Heading,218.54
WW-012,ATK,Heading,217.06
WW-013,ATK,Heading,218.25
WW-014,ATK,Heading,220.67
WW-015,ATK,Heading,216.26
WW-016,ATK,Heading,207.9
WW-017,ATK,Heading,208.86
WW-018,ATK,Heading,208.68
WW-019,ATK,Heading,207.31
WW-020,ATK,Heading,204.41
WW-021,ATK,Heading,207.08
WW-022,ATK,Heading,208.95
WW-023,ATK,Heading,204.77
WW-024,ATK,Heading,206.25
WW-025,ATK,Heading,208.78
WW-026,ATK,Heading,212.3
WW-027,ATK,Heading,211.08
WW-028,ATK,Heading,209.48
WW-029,ATK,Heading,204.4
WW-030,ATK,Heading,220.18
WW-031,ATK,Heading,220.27
WW-032,ATK,Heading,219.84
WW-033,ATK,Heading,214.91
WW-034,ATK,Heading,215.81
WW-035,ATK,Heading,213.29
WW-036,ATK,Heading,219.19
WW-037,ATK,Heading,208.11
WW-038,ATK,Heading,215.83
WW-039,ATK,Heading,223.61
WW-040,ATK,Heading,212.53
WW-041,ATK,Heading,215.69
WW-042,ATK,Heading,217.29
WW-043,ATK,Heading,220.53
WW-044,ATK,Heading,217.2
WW-045,ATK,Heading,217.78
WW-046,ATK,Heading,216.45
WW-047,ATK,Heading,208.77
WW-048,ATK,Heading,221.72
WW-049,ATK,Heading,223.52
WW-050,ATK,Heading,219.59
WW-052,ATK,Heading,217.76
WW-053,ATK,Heading,217.74
WW-055,ATK,Heading,217.94
WW-056,ATK,Heading,219.56
WW-057,ATK,Heading,216.51
WW-058,ATK,Heading,208.62
WW-059,ATK,Heading,220.78
WW-060,ATK,Heading,217.97
WW-061,ATK,Heading,215.55
WW-062,ATK,Heading,219.56
WW-063,ATK,Heading,218.81
WW-064,ATK,Heading,211.55
WW-065,ATK,Heading,218.06
WW-066,ATK,Heading,211.35
WW-067,ATK,Heading,205.57
WW-068,ATK,Heading,208.33
WW-069,ATK,Heading,203.96
WW-070,ATK,Heading,208.34
WW-071,ATK,Heading,206.35
WW-072,ATK,Heading,203.62
WW-073,ATK,Heading,205.57
WW-074,ATK,Heading,198.15
WW-075,ATK,Heading,206.44
WW-076,ATK,Heading,202.31
WW-077,ATK,Heading,203.06
WW-078,ATK,Heading,205.53
WW-079,ATK,Heading,202.96
WW-080,ATK,Heading,212.13
WW-081,ATK,Heading,224.29
WW-082,ATK,Heading,202.7
WW-083,ATK,Heading,199.16
WW-084,ATK,Heading,207.52
WW-085,ATK,Heading,213.65
WW-086,ATK,Heading,211.23
WW-087,ATK,Heading,209.33
WW-088,ATK,Heading,208.99
WW-089,ATK,Heading,210.46
WW-090,ATK,Heading,211.07
WW-091,ATK,Heading,212.41
WW-092,ATK,Heading,215.19
WW-093,ATK,Heading,211.13
WW-094,ATK,Heading,226.16
WW-095,ATK,Heading,215.23
WW-096,ATK,Heading,212.81
WW-097,ATK,Heading,210.22
WW-098,ATK,Heading,222.76
WW-099,ATK,Heading,224.78
WW-100,ATK,Heading,225.84
WW-101,ATK,Heading,224.11
WW-102,ATK,Heading,220.21
WW-103,ATK,Heading,225.77
WW-104,ATK,Heading,221.43
WW-105,ATK,Heading,217.64
WW-106,ATK,Heading,225.96
WW-107,ATK,Heading,224.44
WW-108,ATK,Heading,222.17
WW-109,ATK,Heading,216.01
WW-110,ATK,Heading,222.47
WW-111,ATK,Heading,223.58
WW-112,ATK,Heading,225.44
WW-113,ATK,Heading,225.15
WW-114,ATK,Heading,218.87
WW-115,ATK,Heading,229.42
WW-116,ATK,Heading,226.26
WW-117,ATK,Heading,226.27
WW-118,ATK,Heading,225.46
WW-119,ATK,Heading,227.6
WW-120,ATK,Heading,229.81
WW-121,ATK,Heading,229.16
WW-122,ATK,Heading,228.15
WW-123,ATK,Heading,224.92
WW-124,ATK,Heading,230.54
WW-125,ATK,Heading,207.24
WW-127,ATK,Heading,207.17
WW-131,ATK,Heading,205.48
WW-132,ATK,Heading,207.35
WW-133,ATK,Heading,221.03
WW-134,ATK,Heading,205.56
WW-135,ATK,Heading,204.69
WW-136,ATK,Heading,204.59
WW-137,ATK,Heading,205.43
WW-138,ATK,Heading,205.25
WW-140,ATK,Heading,208.57
WW-143,ATK,Heading,213.48
WW-145,ATK,Heading,220.82
WW-146,ATK,Heading,208.44
WW-147,ATK,Heading,201.21
WW-148,ATK,Heading,218.91
WW-149,ATK,Heading,217.71
WW-150,ATK,Heading,219.08
WW-151,ATK,Heading,219.62
WW-152,ATK,Heading,209.3
WW-153,ATK,Heading,225.65
WW-154,ATK,Heading,214.06
WW-155,ATK,Heading,221.8
WW-156,ATK,Heading,218.44
WW-157,ATK,Heading,215.84
WW-158,ATK,Heading,219.77
WW-159,ATK,Heading,209.17
WW-160,ATK,Heading,216.31
WW-161,ATK,Heading,218.53
WW-162,ATK,Heading,218.69
WW-163,ATK,Heading,220.01
WW-164,ATK,Heading,220.22
WW-165,ATK,Heading,220.47
WW-166,ATK,Heading,216.33
WW-167,ATK,Heading,215.47
WW-168,ATK,Heading,216.02
WW-169,ATK,Heading,221.72
WW-170,ATK,Heading,210.41
WW-171,ATK,Heading,208.77
WW-172,ATK,Heading,197.19
WW-173,ATK,Heading,203.13
WW-174,ATK,Heading,200.33
WW-175,ATK,Heading,201.13
WW-176,ATK,Heading,206.51
WW-177,ATK,Heading,206.25
WW-183,ATK,Heading,209.11
WW-184,ATK,Heading,203.75
WW-185,ATK,Heading,205.5
WW-186,ATK,Heading,202.47
WW-187,ATK,Heading,208.28
WW-188,ATK,Heading,214.33
WW-189,ATK,Heading,210.17
WW-190,ATK,Heading,205.66
WW-191,ATK,Heading,206.26
WW-192,ATK,Heading,204.26
WW-194,ATK,Heading,202.87
WW-195,ATK,Heading,211.66
WW-196,ATK,Heading,211.54
WW-197,ATK,Heading,208.3
WW-207,ATK,Heading,209.29
WW-208,ATK,Heading,210.36
WW-209,ATK,Heading,209.07
WW-210,ATK,Heading,207.28
WW-211,ATK,Heading,207.19
WW-212,ATK,Heading,208.43
WW-213,ATK,Heading,199.21
WW-214,ATK,Heading,217.72
WW-215,ATK,Heading,210.76
WW-216,ATK,Heading,211.2
WW-217,ATK,Heading,210.27
WW-218,ATK,Heading,205.35
WW-219,ATK,Heading,208.19
WW-220,ATK,Heading,209.6
WW-221,ATK,Heading,209.12
WW-222,ATK,Heading,205.24
WW-223,ATK,Heading,213.05
WW-224,ATK,Heading,211.77
WW-225,ATK,Heading,209.47
WW-226,ATK,Heading,211.86
WW-227,ATK,Heading,207.66
WW-228,ATK,Heading,204.8
WW-240,ATK,Heading,217.53
WW-241,ATK,Heading,205.99
WW-271,ATK,Heading,218.58
WW-276,ATK,Heading,209.35
WW-277,ATK,Heading,211.31
WW-278,ATK,Heading,211.8
WW-279,ATK,Heading,211.16
WW-280,ATK,Heading,211.25
WW-281,ATK,Heading,212.33
WW-282,ATK,Heading,214.93
WW-283,ATK,Heading,202.55
WW-284,ATK,Heading,201.55
WW-285,ATK,Heading,212.3
WW-286,ATK,Heading,210.29
WW-287,ATK,Heading,220.09
WW-288,ATK,Heading,201.47
WW-289,ATK,Heading,211.3
WW-290,ATK,Heading,211.55
WW-291,ATK,Heading,218.72
WW-292,ATK,Heading,201.72
WW-293,ATK,Heading,218.63
WW-294,ATK,Heading,205.35
WW-295,ATK,Heading,206.01
WW-296,ATK,Heading,219.86
WW-297,ATK,Heading,211.8
WW-298,ATK,Heading,212.72
WW-299,ATK,Heading,202.62
WW-300,ATK,Heading,205.85
WW-301,ATK,Heading,205.48
WW-302,ATK,Heading,221.01
WW-303,ATK,Heading,208.25
WW-304,ATK,Heading,211.53
WW-305,ATK,Heading,213.24
WW-306,ATK,Heading,220.59
WW-307,ATK,Heading,212.98
WW-308,ATK,Heading,212.58
WW-309,ATK,Heading,199.51
WW-310,ATK,Heading,213.52
WW-311,ATK,Heading,209.23
WW-312,ATK,Heading,206.93
WW-313,ATK,Heading,212.24
WW-314,ATK,Heading,202.24
WW-315,ATK,Heading,207.31
WW-316,ATK,Heading,216.04
WW-317,ATK,Heading,219.19
WW-318,ATK,Heading,198.3
WW-319,ATK,Heading,210.39
WW-321,ATK,Heading,211.02
WW-322,ATK,Heading,218.5
WW-323,ATK,Heading,216.02
WW-324,ATK,Heading,209.3
WW-325,ATK,Heading,208.63
WW-326,ATK,Heading,215.44
WW-327,ATK,Heading,213.83
WW-328,ATK,Heading,212.24
WW-329,ATK,Heading,221.73
WW-330,ATK,Heading,210.61
WW-331,ATK,Heading,211.51
WW-332,ATK,Heading,216.34
WW-333,ATK,Heading,212.61
WW-334,ATK,Heading,221.39
WW-335,ATK,Heading,213.38
WW-336,ATK,Heading,206.42
WW-337,ATK,Heading,201.13
WW-338,ATK,Heading,212.46
WW-339,ATK,Heading,208.08
WW-340,ATK,Heading,212.8
WW-341,ATK,Heading,215.43
WW-342,ATK,Heading,208.91
WW-343,ATK,Heading,209.76
WW-344,ATK,Heading,209.12
WW-345,ATK,Heading,222.79
WW-346,ATK,Heading,219.39
WW-347,ATK,Heading,217.47
WW-348,ATK,Heading,221.31
WW-349,ATK,Heading,212.48
WW-350,ATK,Heading,211.58
WW-351,ATK,Heading,217.73
WW-352,ATK,Heading,208.9
WW-353,ATK,Heading,217.89
WW-354,ATK,Heading,206.85
WW-355,ATK,Heading,220.4
WW-356,ATK,Heading,206.99
WW-357,ATK,Heading,211.7
WW-358,ATK,Heading,196.27
WW-359,ATK,Heading,201.24
WW-360,ATK,Heading,201.44
WW-361,ATK,Heading,204.34
WW-362,ATK,Heading,211.91
WW-363,ATK,Heading,206.62
WW-364,ATK,Heading,205.69
WW-365,ATK,Heading,212.85
WW-366,ATK,Heading,202.34
WW-367,ATK,Heading,201.49
WW-368,ATK,Heading,211.16
WW-369,ATK,Heading,211.42
WW-371,ATK,Heading,206.19
WW-372,ATK,Heading,214.59
WW-374,ATK,Heading,209.69
WW-375,ATK,Heading,214.72
WW-376,ATK,Heading,206.76
WW-377,ATK,Heading,210.13
WW-378,ATK,Heading,206.06
WW-379,ATK,Heading,230.03
WW-380,ATK,Heading,226.67
WW-381,ATK,Heading,222.35
WW-382,ATK,Heading,210.44
WW-383,ATK,Heading,206.26
WW-384,ATK,Heading,200.08
WW-385,ATK,Heading,218.4
WW-386,ATK,Heading,212.97
WW-387,ATK,Heading,216.27
WW-388,ATK,Heading,215.5
WW-389,ATK,Heading,218.15
WW-390,ATK,Heading,215.09
WW-391,ATK,Heading,215.12
WW-392,ATK,Heading,219.02
WW-393,ATK,Heading,206.05
WW-394,ATK,Heading,207.23
WW-396,ATK,Heading,205.81
WW-397,ATK,Heading,209.18
WW-398,ATK,Heading,204.26
WW-399,ATK,Heading,206.4
WW-400,ATK,Heading,208.33
WW-401,ATK,Heading,208.82
WW-402,ATK,Heading,209.59
WW-403,ATK,Heading,217.11
WW-404,ATK,Heading,207.47
WW-405,ATK,Heading,209.04
WW-406,ATK,Heading,208.97
WW-407,ATK,Heading,218.11
WW-408,ATK,Heading,216.23
WW-409,ATK,Heading,217.71
WW-410,ATK,Heading,203.67
WW-411,ATK,Heading,210.74
WW-412,ATK,Heading,211.03
WW-413,ATK,Heading,209.3
WW-414,ATK,Heading,207.27
WW-415,ATK,Heading,217.24
WW-416,ATK,Heading,205.58
WW-417,ATK,Heading,203.13
WW-419,ATK,Heading,223.66
WW-420,ATK,Heading,205.38
WW-421,ATK,Heading,211.04
WW-422,ATK,Heading,207.46
WW-423,ATK,Heading,222.56
WW-424,ATK,Heading,209.06
WW-425,ATK,Heading,218.06
WW-426,ATK,Heading,217.84
WW-427,ATK,Heading,210.42
WW-428,ATK,Heading,210.87
WW-429,ATK,Heading,212.5
WW-430,ATK,Heading,207.83
WW-431,ATK,Heading,207.53
WW-432,ATK,Heading,208.28
WW-433,ATK,Heading,205.61
WW-434,ATK,Heading,219.59
WW-435,ATK,Heading,207
WW-436,ATK,Heading,226.6
WW-437,ATK,Heading,225.07
WW-438,ATK,Heading,220.76
WW-439,ATK,Heading,207.02
WW-440,ATK,Heading,212.24
WW-441,ATK,Heading,210.34
WW-442,ATK,Heading,210.03
WW-444,ATK,Heading,208.84
WW-445,ATK,Heading,211.78
WW-446,ATK,Heading,210.94
WW-447,ATK,Heading,225.75
WW-448,ATK,Heading,215.31
WW-449,ATK,Heading,209.94
WW-450,ATK,Heading,217.97
WW-451,ATK,Heading,215.93
WW-452,ATK,Heading,203.24
WW-453,ATK,Heading,207.78
WW-454,ATK,Heading,210.79
WW-455,ATK,Heading,208.44
WW-456,ATK,Heading,205.04
WW-457,ATK,Heading,204.25
WW-458,ATK,Heading,209.79
WW-459,ATK,Heading,208.81
WW-460,ATK,Heading,210.25
WW-461,ATK,Heading,211.7
WW-462,ATK,Heading,212.47
WW-463,ATK,Heading,203.71
WW-464,ATK,Heading,210.03
WW-465,ATK,Heading,209.26
WW-467,ATK,Heading,210.25
WW-468,ATK,Heading,220.38
WW-469,ATK,Heading,207.61
WW-470,ATK,Heading,219.24
WW-471,ATK,Heading,201.58
WW-472,ATK,Heading,212.3
WW-473,ATK,Heading,205.23
WW-474,ATK,Heading,208.29
WW-475,ATK,Heading,207.47
WW-476,ATK,Heading,205.33
WW-477,ATK,Heading,205.53
WW-478,ATK,Heading,201.7
WW-479,ATK,Heading,208.56
WW-480,ATK,Heading,208.63
WW-481,ATK,Heading,210.59
WW-482,ATK,Heading,209.23
WW-483,ATK,Heading,205.92
WW-484,ATK,Heading,204.47
WW-485,ATK,Heading,204.08
WW-486,ATK,Heading,210.12
WW-487,ATK,Heading,203.24
WW-488,ATK,Heading,213.01
WW-489,ATK,Heading,213.38
WW-490,ATK,Heading,214.78
WW-492,ATK,Heading,219.03
WW-493,ATK,Heading,214.79
WW-494,ATK,Heading,213.25
WW-495,ATK,Heading,210.74
WW-496,ATK,Heading,210.27
WW-497,ATK,Heading,212.25
WW-498,ATK,Heading,209.55
WW-499,ATK,Heading,221.37
WW-500,ATK,Heading,221.72
WW-501,ATK,Heading,205.27
WW-502,ATK,Heading,210.8
WW-503,ATK,Heading,204.54
WW-504,ATK,Heading,209.99
WW-505,ATK,Heading,208.8
WW-506,ATK,Heading,209.61
WW-507,ATK,Heading,212.1
WW-508,ATK,Heading,211.68
WW-509,ATK,Heading,212.13
WW-510,ATK,Heading,206.94
WW-511,ATK,Heading,210.99
WW-512,ATK,Heading,214.72
WW-001,TUR,Heading,196.03
WW-002,TUR,Heading,193.32
WW-003,TUR,Heading,192.89
WW-004,TUR,Heading,191.32
WW-005,TUR,Heading,193.96
WW-006,TUR,Heading,193.71
WW-007,TUR,Heading,193.89
WW-008,TUR,Heading,193.1
WW-009,TUR,Heading,196.91
WW-010,TUR,Heading,193.35
WW-011,TUR,Heading,195.34
WW-012,TUR,Heading,195.45
WW-013,TUR,Heading,196.21
WW-014,TUR,Heading,196.19
WW-015,TUR,Heading,194.65
WW-016,TUR,Heading,192.84
WW-017,TUR,Heading,192.26
WW-018,TUR,Heading,192.13
WW-019,TUR,Heading,192.84
WW-020,TUR,Heading,191.5
WW-021,TUR,Heading,192.96
WW-022,TUR,Heading,194.92
WW-023,TUR,Heading,186.58
WW-024,TUR,Heading,193.26
WW-025,TUR,Heading,192.2
WW-026,TUR,Heading,192.73
WW-027,TUR,Heading,
WW-028,TUR,Heading,192.27
WW-029,TUR,Heading,186.21
WW-030,TUR,Heading,196.88
WW-031,TUR,Heading,196.78
WW-032,TUR,Heading,196.15
WW-033,TUR,Heading,195.34
WW-034,TUR,Heading,196.58
WW-035,TUR,Heading,194.59
WW-036,TUR,Heading,194.82
WW-037,TUR,Heading,191.81
WW-038,TUR,Heading,193.88
WW-039,TUR,Heading,196.78
WW-040,TUR,Heading,194.89
WW-041,TUR,Heading,192.41
WW-042,TUR,Heading,195.81
WW-043,TUR,Heading,193.34
WW-044,TUR,Heading,197.4
WW-045,TUR,Heading,194.72
WW-046,TUR,Heading,
WW-047,TUR,Heading,192.2
WW-048,TUR,Heading,198.16
WW-049,TUR,Heading,195.59
WW-050,TUR,Heading,197.84
WW-052,TUR,Heading,195.6
WW-053,TUR,Heading,195.86
WW-055,TUR,Heading,194.06
WW-056,TUR,Heading,196.28
WW-057,TUR,Heading,196.69
WW-058,TUR,Heading,191.95
WW-059,TUR,Heading,195.3
WW-060,TUR,Heading,194.92
WW-061,TUR,Heading,194.7
WW-062,TUR,Heading,195.78
WW-063,TUR,Heading,196.91
WW-064,TUR,Heading,194.94
WW-065,TUR,Heading,192.48
WW-066,TUR,Heading,191.49
WW-067,TUR,Heading,192.04
WW-068,TUR,Heading,194.26
WW-069,TUR,Heading,187.89
WW-070,TUR,Heading,193.37
WW-071,TUR,Heading,190.32
WW-072,TUR,Heading,185.99
WW-073,TUR,Heading,192.33
WW-074,TUR,Heading,191.17
WW-075,TUR,Heading,192.01
WW-076,TUR,Heading,185.51
WW-077,TUR,Heading,189.71
WW-078,TUR,Heading,188.78
WW-079,TUR,Heading,191.03
WW-080,TUR,Heading,196.47
WW-081,TUR,Heading,196.37
WW-082,TUR,Heading,185.48
WW-083,TUR,Heading,186.96
WW-084,TUR,Heading,191.87
WW-085,TUR,Heading,194.64
WW-086,TUR,Heading,184.08
WW-087,TUR,Heading,193.43
WW-088,TUR,Heading,192.97
WW-089,TUR,Heading,193
WW-090,TUR,Heading,195.23
WW-091,TUR,Heading,185.17
WW-092,TUR,Heading,195.24
WW-093,TUR,Heading,194.99
WW-094,TUR,Heading,195.61
WW-095,TUR,Heading,197.67
WW-096,TUR,Heading,196.89
WW-097,TUR,Heading,194.36
WW-098,TUR,Heading,196.37
WW-099,TUR,Heading,196.92
WW-100,TUR,Heading,199.98
WW-101,TUR,Heading,195.12
WW-102,TUR,Heading,196.48
WW-103,TUR,Heading,197.45
WW-104,TUR,Heading,196.04
WW-105,TUR,Heading,193.82
WW-106,TUR,Heading,197.63
WW-107,TUR,Heading,200.81
WW-108,TUR,Heading,196.8
WW-109,TUR,Heading,197.35
WW-110,TUR,Heading,196.07
WW-111,TUR,Heading,200.23
WW-112,TUR,Heading,197.53
WW-113,TUR,Heading,197.57
WW-114,TUR,Heading,196.82
WW-115,TUR,Heading,196.05
WW-116,TUR,Heading,190.61
WW-117,TUR,Heading,197.31
WW-118,TUR,Heading,193.87
WW-119,TUR,Heading,199.55
WW-120,TUR,Heading,199.1
WW-121,TUR,Heading,196.8
WW-122,TUR,Heading,197.5
WW-123,TUR,Heading,196.56
WW-124,TUR,Heading,197.31
WW-125,TUR,Heading,194.12
WW-127,TUR,Heading,191.83
WW-131,TUR,Heading,175.85
WW-132,TUR,Heading,192.42
WW-133,TUR,Heading,196.57
WW-134,TUR,Heading,190.97
WW-135,TUR,Heading,193.82
WW-136,TUR,Heading,195.94
WW-137,TUR,Heading,186.75
WW-138,TUR,Heading,188.64
WW-140,TUR,Heading,192.94
WW-143,TUR,Heading,197.02
WW-145,TUR,Heading,196.58
WW-146,TUR,Heading,192.74
WW-147,TUR,Heading,186.65
WW-148,TUR,Heading,196.06
WW-149,TUR,Heading,196.53
WW-150,TUR,Heading,195.51
WW-151,TUR,Heading,195.06
WW-152,TUR,Heading,191.14
WW-153,TUR,Heading,191.26
WW-154,TUR,Heading,196.16
WW-155,TUR,Heading,197.25
WW-156,TUR,Heading,195.53
WW-157,TUR,Heading,192.88
WW-158,TUR,Heading,195.94
WW-159,TUR,Heading,193.43
WW-160,TUR,Heading,195.78
WW-161,TUR,Heading,196.82
WW-162,TUR,Heading,196.15
WW-163,TUR,Heading,195.97
WW-164,TUR,Heading,196.4
WW-165,TUR,Heading,196.7
WW-166,TUR,Heading,195.91
WW-167,TUR,Heading,194.63
WW-168,TUR,Heading,197.07
WW-169,TUR,Heading,196.96
WW-170,TUR,Heading,191.08
WW-171,TUR,Heading,193.2
WW-172,TUR,Heading,188.42
WW-173,TUR,Heading,184.51
WW-174,TUR,Heading,193.29
WW-175,TUR,Heading,185.55
WW-176,TUR,Heading,190.76
WW-177,TUR,Heading,191.07
WW-183,TUR,Heading,192.29
WW-184,TUR,Heading,192.8
WW-185,TUR,Heading,186.22
WW-186,TUR,Heading,187.92
WW-187,TUR,Heading,195.06
WW-188,TUR,Heading,195.53
WW-189,TUR,Heading,192.95
WW-190,TUR,Heading,191.21
WW-191,TUR,Heading,192.29
WW-192,TUR,Heading,192.37
WW-194,TUR,Heading,188.41
WW-195,TUR,Heading,193.97
WW-196,TUR,Heading,194.06
WW-197,TUR,Heading,192.87
WW-207,TUR,Heading,192.62
WW-208,TUR,Heading,196.09
WW-209,TUR,Heading,192.63
WW-210,TUR,Heading,193.45
WW-211,TUR,Heading,195.6
WW-212,TUR,Heading,193.01
WW-213,TUR,Heading,199.26
WW-214,TUR,Heading,196.26
WW-215,TUR,Heading,192.44
WW-216,TUR,Heading,196.36
WW-217,TUR,Heading,192.92
WW-218,TUR,Heading,186.92
WW-219,TUR,Heading,192.43
WW-220,TUR,Heading,193.22
WW-221,TUR,Heading,196.32
WW-222,TUR,Heading,188.08
WW-223,TUR,Heading,194.2
WW-224,TUR,Heading,196.39
WW-225,TUR,Heading,189.74
WW-226,TUR,Heading,191.65
WW-227,TUR,Heading,189.52
WW-228,TUR,Heading,191.31
WW-240,TUR,Heading,196.83
WW-241,TUR,Heading,188.64
WW-271,TUR,Heading,196.78
WW-276,TUR,Heading,191.99
WW-277,TUR,Heading,195.9
WW-278,TUR,Heading,194.73
WW-279,TUR,Heading,194.24
WW-280,TUR,Heading,195.23
WW-281,TUR,Heading,192.97
WW-282,TUR,Heading,196.9
WW-283,TUR,Heading,187.48
WW-284,TUR,Heading,185.48
WW-285,TUR,Heading,193.94
WW-286,TUR,Heading,193.48
WW-287,TUR,Heading,195.22
WW-288,TUR,Heading,186.51
WW-289,TUR,Heading,192.08
WW-290,TUR,Heading,193.44
WW-291,TUR,Heading,196.39
WW-292,TUR,Heading,189.2
WW-293,TUR,Heading,195.43
WW-294,TUR,Heading,195.41
WW-295,TUR,Heading,190.97
WW-296,TUR,Heading,196.29
WW-297,TUR,Heading,194.55
WW-298,TUR,Heading,197.27
WW-299,TUR,Heading,186.4
WW-300,TUR,Heading,187.11
WW-301,TUR,Heading,191.34
WW-302,TUR,Heading,195.59
WW-303,TUR,Heading,196.45
WW-304,TUR,Heading,193.02
WW-305,TUR,Heading,197.48
WW-306,TUR,Heading,198.28
WW-307,TUR,Heading,195.71
WW-308,TUR,Heading,195.12
WW-309,TUR,Heading,185.14
WW-310,TUR,Heading,196.84
WW-311,TUR,Heading,191.93
WW-312,TUR,Heading,187
WW-313,TUR,Heading,194.97
WW-314,TUR,Heading,186.45
WW-315,TUR,Heading,191.65
WW-316,TUR,Heading,195.93
WW-317,TUR,Heading,196.04
WW-318,TUR,Heading,186.87
WW-319,TUR,Heading,192.98
WW-321,TUR,Heading,192.97
WW-322,TUR,Heading,194.23
WW-323,TUR,Heading,197.13
WW-324,TUR,Heading,191.83
WW-325,TUR,Heading,197.71
WW-326,TUR,Heading,195.81
WW-327,TUR,Heading,192.12
WW-328,TUR,Heading,195.82
WW-329,TUR,Heading,196.83
WW-330,TUR,Heading,197.98
WW-331,TUR,Heading,195.57
WW-332,TUR,Heading,195.93
WW-333,TUR,Heading,197.36
WW-334,TUR,Heading,195.74
WW-335,TUR,Heading,195.89
WW-336,TUR,Heading,191.24
WW-337,TUR,Heading,186.78
WW-338,TUR,Heading,196.05
WW-339,TUR,Heading,192.75
WW-340,TUR,Heading,193.35
WW-341,TUR,Heading,199.31
WW-342,TUR,Heading,193.25
WW-343,TUR,Heading,195.61
WW-344,TUR,Heading,192.81
WW-345,TUR,Heading,195.95
WW-346,TUR,Heading,195.22
WW-347,TUR,Heading,195.81
WW-348,TUR,Heading,196.65
WW-349,TUR,Heading,196.68
WW-350,TUR,Heading,191.99
WW-351,TUR,Heading,197.2
WW-352,TUR,Heading,192.44
WW-353,TUR,Heading,195.44
WW-354,TUR,Heading,189.84
WW-355,TUR,Heading,196.91
WW-356,TUR,Heading,191.71
WW-357,TUR,Heading,194.06
WW-358,TUR,Heading,186.4
WW-359,TUR,Heading,187.63
WW-360,TUR,Heading,192.18
WW-361,TUR,Heading,186.75
WW-362,TUR,Heading,194.14
WW-363,TUR,Heading,186.56
WW-364,TUR,Heading,190.57
WW-365,TUR,Heading,196.01
WW-366,TUR,Heading,185.77
WW-367,TUR,Heading,188.3
WW-368,TUR,Heading,196.17
WW-369,TUR,Heading,191.15
WW-371,TUR,Heading,192.28
WW-372,TUR,Heading,192.14
WW-374,TUR,Heading,195.89
WW-375,TUR,Heading,193.26
WW-376,TUR,Heading,192.59
WW-377,TUR,Heading,194.55
WW-378,TUR,Heading,190.18
WW-379,TUR,Heading,195.91
WW-380,TUR,Heading,196.5
WW-381,TUR,Heading,197.82
WW-382,TUR,Heading,195.02
WW-383,TUR,Heading,192.81
WW-384,TUR,Heading,185.07
WW-385,TUR,Heading,195.38
WW-386,TUR,Heading,195.21
WW-387,TUR,Heading,196.06
WW-388,TUR,Heading,195.2
WW-389,TUR,Heading,196.32
WW-390,TUR,Heading,196.28
WW-391,TUR,Heading,196.89
WW-392,TUR,Heading,196.8
WW-393,TUR,Heading,190.53
WW-394,TUR,Heading,195.97
WW-396,TUR,Heading,193.25
WW-397,TUR,Heading,192.27
WW-398,TUR,Heading,187.62
WW-399,TUR,Heading,188.63
WW-400,TUR,Heading,185.87
WW-401,TUR,Heading,191.99
WW-402,TUR,Heading,194.78
WW-403,TUR,Heading,189.98
WW-404,TUR,Heading,195.28
WW-405,TUR,Heading,194.08
WW-406,TUR,Heading,193.82
WW-407,TUR,Heading,199.27
WW-408,TUR,Heading,195.18
WW-409,TUR,Heading,195.19
WW-410,TUR,Heading,186.61
WW-411,TUR,Heading,194.02
WW-412,TUR,Heading,193.15
WW-413,TUR,Heading,191.75
WW-414,TUR,Heading,192.89
WW-415,TUR,Heading,195.63
WW-416,TUR,Heading,187.11
WW-417,TUR,Heading,186.67
WW-419,TUR,Heading,193.86
WW-420,TUR,Heading,193.09
WW-421,TUR,Heading,196.09
WW-422,TUR,Heading,192.82
WW-423,TUR,Heading,199.7
WW-424,TUR,Heading,191.69
WW-425,TUR,Heading,196.8
WW-426,TUR,Heading,197.02
WW-427,TUR,Heading,193.29
WW-428,TUR,Heading,193.66
WW-429,TUR,Heading,196.18
WW-430,TUR,Heading,192.9
WW-431,TUR,Heading,191.7
WW-432,TUR,Heading,193.38
WW-433,TUR,Heading,185.6
WW-434,TUR,Heading,196.41
WW-435,TUR,Heading,189.04
WW-436,TUR,Heading,198.59
WW-437,TUR,Heading,196.95
WW-438,TUR,Heading,196.49
WW-439,TUR,Heading,191.19
WW-440,TUR,Heading,196.83
WW-441,TUR,Heading,194.09
WW-442,TUR,Heading,192.35
WW-444,TUR,Heading,192.9
WW-445,TUR,Heading,188.18
WW-446,TUR,Heading,193.16
WW-447,TUR,Heading,196.35
WW-448,TUR,Heading,192.37
WW-449,TUR,Heading,191.86
WW-450,TUR,Heading,196.76
WW-451,TUR,Heading,196.01
WW-452,TUR,Heading,186.11
WW-453,TUR,Heading,193.15
WW-454,TUR,Heading,192.52
WW-455,TUR,Heading,191.06
WW-456,TUR,Heading,190.96
WW-457,TUR,Heading,188.31
WW-458,TUR,Heading,189.61
WW-459,TUR,Heading,190.77
WW-460,TUR,Heading,192.93
WW-461,TUR,Heading,193.57
WW-462,TUR,Heading,194.58
WW-463,TUR,Heading,189.9
WW-464,TUR,Heading,195.52
WW-465,TUR,Heading,191.66
WW-467,TUR,Heading,196.09
WW-468,TUR,Heading,197.13
WW-469,TUR,Heading,189.86
WW-470,TUR,Heading,197.53
WW-471,TUR,Heading,186.81
WW-472,TUR,Heading,194.5
WW-473,TUR,Heading,192.37
WW-474,TUR,Heading,192.28
WW-475,TUR,Heading,193.82
WW-476,TUR,Heading,192.25
WW-477,TUR,Heading,189.59
WW-478,TUR,Heading,
WW-479,TUR,Heading,190.09
WW-480,TUR,Heading,192.16
WW-481,TUR,Heading,192.82
WW-482,TUR,Heading,193.25
WW-483,TUR,Heading,192.33
WW-484,TUR,Heading,191.71
WW-485,TUR,Heading,186.78
WW-486,TUR,Heading,
WW-487,TUR,Heading,187.75
WW-488,TUR,Heading,196.79
WW-489,TUR,Heading,195.82
WW-490,TUR,Heading,197.85
WW-492,TUR,Heading,195.65
WW-493,TUR,Heading,186.39
WW-494,TUR,Heading,195.55
WW-495,TUR,Heading,193.04
WW-496,TUR,Heading,194.36
WW-497,TUR,Heading,191.89
WW-498,TUR,Heading,193.92
WW-499,TUR,Heading,196.56
WW-500,TUR,Heading,195.09
WW-501,TUR,Heading,187.35
WW-502,TUR,Heading,191.7
WW-503,TUR,Heading,186.54
WW-504,TUR,Heading,193.7
WW-505,TUR,Heading,194.38
WW-506,TUR,Heading,192.25
WW-507,TUR,Heading,195.78
WW-508,TUR,Heading,191.25
WW-509,TUR,Heading,195.28
WW-510,TUR,Heading,193.76
WW-511,TUR,Heading,193.17
WW-512,TUR,Heading,192.84
WW-001,INRA,DeltaC13,-29.17316251
WW-002,INRA,DeltaC13,-29.65675733
WW-003,INRA,DeltaC13,-29.82469969
WW-004,INRA,DeltaC13,-29.04552923
WW-005,INRA,DeltaC13,-28.4841624
WW-006,INRA,DeltaC13,-29.60026218
WW-007,INRA,DeltaC13,-29.29382899
WW-008,INRA,DeltaC13,-29.38214618
WW-009,INRA,DeltaC13,-29.00323483
WW-010,INRA,DeltaC13,-29.56543926
WW-011,INRA,DeltaC13,-29.3228837
WW-012,INRA,DeltaC13,-28.71867796
WW-013,INRA,DeltaC13,-28.72003871
WW-014,INRA,DeltaC13,-29.12291065
WW-015,INRA,DeltaC13,-29.16081804
WW-016,INRA,DeltaC13,-29.90781405
WW-017,INRA,DeltaC13,-29.91090458
WW-018,INRA,DeltaC13,-30.18841488
WW-019,INRA,DeltaC13,-29.51689921
WW-020,INRA,DeltaC13,-29.88487262
WW-021,INRA,DeltaC13,-29.27781314
WW-022,INRA,DeltaC13,-29.01885109
WW-023,INRA,DeltaC13,-29.73188309
WW-024,INRA,DeltaC13,-29.66830154
WW-025,INRA,DeltaC13,-29.40312005
WW-026,INRA,DeltaC13,-29.25055945
WW-027,INRA,DeltaC13,-28.68581896
WW-028,INRA,DeltaC13,-29.56866733
WW-029,INRA,DeltaC13,-29.6471795
WW-030,INRA,DeltaC13,-29.26070399
WW-031,INRA,DeltaC13,
WW-032,INRA,DeltaC13,-29.17902736
WW-033,INRA,DeltaC13,-29.40684692
WW-034,INRA,DeltaC13,-29.78317936
WW-035,INRA,DeltaC13,-29.61686562
WW-036,INRA,DeltaC13,-29.60588266
WW-037,INRA,DeltaC13,-29.67450413
WW-038,INRA,DeltaC13,-29.61458875
WW-039,INRA,DeltaC13,-28.95315335
WW-040,INRA,DeltaC13,-29.15229469
WW-041,INRA,DeltaC13,-29.49000472
WW-042,INRA,DeltaC13,-29.47691046
WW-043,INRA,DeltaC13,-29.18568908
WW-044,INRA,DeltaC13,-29.10806399
WW-045,INRA,DeltaC13,-29.09581182
WW-046,INRA,DeltaC13,-28.86641553
WW-047,INRA,DeltaC13,-29.46646748
WW-048,INRA,DeltaC13,-29.58034279
WW-049,INRA,DeltaC13,-28.55398718
WW-050,INRA,DeltaC13,-29.36552079
WW-052,INRA,DeltaC13,-28.87734455
WW-053,INRA,DeltaC13,-29.31812201
WW-055,INRA,DeltaC13,-29.21211576
WW-056,INRA,DeltaC13,-29.59404072
WW-057,INRA,DeltaC13,-29.5190598
WW-058,INRA,DeltaC13,-29.60295728
WW-059,INRA,DeltaC13,-29.47003983
WW-060,INRA,DeltaC13,-29.06603371
WW-061,INRA,DeltaC13,-29.22644971
WW-062,INRA,DeltaC13,-28.86025166
WW-063,INRA,DeltaC13,-28.80674353
WW-064,INRA,DeltaC13,-29.25067632
WW-065,INRA,DeltaC13,-29.83904086
WW-066,INRA,DeltaC13,-29.3672838
WW-067,INRA,DeltaC13,-29.32999761
WW-068,INRA,DeltaC13,-29.46640517
WW-069,INRA,DeltaC13,-29.99518823
WW-070,INRA,DeltaC13,-29.88588036
WW-071,INRA,DeltaC13,-29.76052862
WW-072,INRA,DeltaC13,-29.03917798
WW-073,INRA,DeltaC13,-29.26120991
WW-074,INRA,DeltaC13,-30.09552938
WW-075,INRA,DeltaC13,-30.07674603
WW-076,INRA,DeltaC13,-30.00269164
WW-077,INRA,DeltaC13,-28.87382065
WW-078,INRA,DeltaC13,-29.27831063
WW-079,INRA,DeltaC13,-29.80316499
WW-080,INRA,DeltaC13,-29.43740866
WW-081,INRA,DeltaC13,-29.2470162
WW-082,INRA,DeltaC13,-29.85929328
WW-083,INRA,DeltaC13,-29.6018725
WW-084,INRA,DeltaC13,-30.20697531
WW-085,INRA,DeltaC13,-29.5016354
WW-086,INRA,DeltaC13,-28.9064827
WW-087,INRA,DeltaC13,-29.94530668
WW-088,INRA,DeltaC13,-29.86279759
WW-089,INRA,DeltaC13,-30.00781776
WW-090,INRA,DeltaC13,-29.50794691
WW-091,INRA,DeltaC13,-29.68599071
WW-092,INRA,DeltaC13,-29.47334539
WW-093,INRA,DeltaC13,-29.75795757
WW-094,INRA,DeltaC13,-28.81222489
WW-095,INRA,DeltaC13,-28.91540933
WW-096,INRA,DeltaC13,-29.7762758
WW-097,INRA,DeltaC13,-30.0098036
WW-098,INRA,DeltaC13,-28.90380728
WW-099,INRA,DeltaC13,-28.63858079
WW-100,INRA,DeltaC13,-28.68142506
WW-101,INRA,DeltaC13,-29.22448068
WW-102,INRA,DeltaC13,-29.2576047
WW-103,INRA,DeltaC13,-29.40981284
WW-104,INRA,DeltaC13,-30.45938164
WW-105,INRA,DeltaC13,-29.615574
WW-106,INRA,DeltaC13,-25.89388987
WW-107,INRA,DeltaC13,-28.79612158
WW-108,INRA,DeltaC13,-28.71056952
WW-109,INRA,DeltaC13,-30.27196275
WW-110,INRA,DeltaC13,-28.87085829
WW-111,INRA,DeltaC13,-29.61403617
WW-112,INRA,DeltaC13,-29.14606916
WW-113,INRA,DeltaC13,-28.76015162
WW-114,INRA,DeltaC13,-29.81106246
WW-115,INRA,DeltaC13,-28.90597458
WW-116,INRA,DeltaC13,-29.52409964
WW-117,INRA,DeltaC13,-29.00359567
WW-118,INRA,DeltaC13,-29.03879056
WW-119,INRA,DeltaC13,-28.87047406
WW-120,INRA,DeltaC13,-29.19039812
WW-121,INRA,DeltaC13,-28.87613963
WW-122,INRA,DeltaC13,-29.12296821
WW-123,INRA,DeltaC13,-28.88051576
WW-124,INRA,DeltaC13,-29.43276566
WW-125,INRA,DeltaC13,-29.51679257
WW-127,INRA,DeltaC13,-29.55511932
WW-131,INRA,DeltaC13,-28.88118676
WW-132,INRA,DeltaC13,-29.22331208
WW-133,INRA,DeltaC13,-29.21700509
WW-134,INRA,DeltaC13,-29.10879555
WW-135,INRA,DeltaC13,-29.13633782
WW-136,INRA,DeltaC13,-29.18306596
WW-137,INRA,DeltaC13,-29.57404502
WW-138,INRA,DeltaC13,-29.87647382
WW-140,INRA,DeltaC13,-29.15416617
WW-143,INRA,DeltaC13,-29.19537096
WW-145,INRA,DeltaC13,-28.87467201
WW-146,INRA,DeltaC13,-30.45197378
WW-147,INRA,DeltaC13,-29.83966911
WW-148,INRA,DeltaC13,-29.32404681
WW-149,INRA,DeltaC13,-29.10143632
WW-150,INRA,DeltaC13,-29.4675098
WW-151,INRA,DeltaC13,-28.93106628
WW-152,INRA,DeltaC13,-29.92883197
WW-153,INRA,DeltaC13,-29.17268463
WW-154,INRA,DeltaC13,-29.93389935
WW-155,INRA,DeltaC13,-29.42929122
WW-156,INRA,DeltaC13,-29.70099016
WW-157,INRA,DeltaC13,-29.91185848
WW-158,INRA,DeltaC13,-29.42591547
WW-159,INRA,DeltaC13,-29.94843295
WW-160,INRA,DeltaC13,-29.36993967
WW-161,INRA,DeltaC13,-28.92748669
WW-162,INRA,DeltaC13,-29.62271898
WW-163,INRA,DeltaC13,-29.60708326
WW-164,INRA,DeltaC13,-28.96186627
WW-165,INRA,DeltaC13,-29.53322083
WW-166,INRA,DeltaC13,-29.44876848
WW-167,INRA,DeltaC13,-29.13492715
WW-168,INRA,DeltaC13,-29.67501693
WW-169,INRA,DeltaC13,-29.32650304
WW-170,INRA,DeltaC13,-30.30669773
WW-171,INRA,DeltaC13,-29.23172537
WW-172,INRA,DeltaC13,-29.97684226
WW-173,INRA,DeltaC13,-29.70463905
WW-174,INRA,DeltaC13,-29.71223578
WW-175,INRA,DeltaC13,-29.90978605
WW-176,INRA,DeltaC13,-29.71491327
WW-177,INRA,DeltaC13,-29.92689308
WW-183,INRA,DeltaC13,-29.71539978
WW-184,INRA,DeltaC13,-29.00828004
WW-185,INRA,DeltaC13,-30.03530328
WW-186,INRA,DeltaC13,-29.58445336
WW-187,INRA,DeltaC13,-30.39178681
WW-188,INRA,DeltaC13,-29.82946521
WW-189,INRA,DeltaC13,-29.72885947
WW-190,INRA,DeltaC13,-29.22686855
WW-191,INRA,DeltaC13,-29.00104643
WW-192,INRA,DeltaC13,-29.73825444
WW-194,INRA,DeltaC13,-29.88716041
WW-195,INRA,DeltaC13,-29.8176515
WW-196,INRA,DeltaC13,-29.86289111
WW-197,INRA,DeltaC13,-29.72704912
WW-207,INRA,DeltaC13,-30.95736675
WW-208,INRA,DeltaC13,-30.8889296
WW-209,INRA,DeltaC13,-31.07419326
WW-210,INRA,DeltaC13,-30.33965021
WW-211,INRA,DeltaC13,-29.76813459
WW-212,INRA,DeltaC13,-30.64669121
WW-213,INRA,DeltaC13,-30.13603584
WW-214,INRA,DeltaC13,-29.66799696
WW-215,INRA,DeltaC13,-29.7624852
WW-216,INRA,DeltaC13,-29.99207623
WW-217,INRA,DeltaC13,-30.73686062
WW-218,INRA,DeltaC13,-30.95167123
WW-219,INRA,DeltaC13,-30.18063928
WW-220,INRA,DeltaC13,-30.00448032
WW-221,INRA,DeltaC13,-30.0664117
WW-222,INRA,DeltaC13,-30.09743698
WW-223,INRA,DeltaC13,-30.72375205
WW-224,INRA,DeltaC13,-29.79345227
WW-225,INRA,DeltaC13,-30.66454526
WW-226,INRA,DeltaC13,-29.86641789
WW-227,INRA,DeltaC13,-30.48746943
WW-228,INRA,DeltaC13,-30.56017009
WW-240,INRA,DeltaC13,-29.44277341
WW-241,INRA,DeltaC13,-29.40635895
WW-271,INRA,DeltaC13,-29.43101264
WW-276,INRA,DeltaC13,-28.94066515
WW-277,INRA,DeltaC13,-29.49069751
WW-278,INRA,DeltaC13,-28.64286489
WW-279,INRA,DeltaC13,-29.18748043
WW-280,INRA,DeltaC13,-29.63136453
WW-281,INRA,DeltaC13,-29.64537012
WW-282,INRA,DeltaC13,-29.80610627
WW-283,INRA,DeltaC13,-30.00282898
WW-284,INRA,DeltaC13,-29.64129142
WW-285,INRA,DeltaC13,-29.3316463
WW-286,INRA,DeltaC13,-29.59370851
WW-287,INRA,DeltaC13,-29.33709612
WW-288,INRA,DeltaC13,-30.02307512
WW-289,INRA,DeltaC13,-30.00842599
WW-290,INRA,DeltaC13,-28.9039781
WW-291,INRA,DeltaC13,-28.71572977
WW-292,INRA,DeltaC13,-29.79518629
WW-293,INRA,DeltaC13,-29.67891086
WW-294,INRA,DeltaC13,-29.96185567
WW-295,INRA,DeltaC13,-29.47383767
WW-296,INRA,DeltaC13,-28.17437496
WW-297,INRA,DeltaC13,-29.56396825
WW-298,INRA,DeltaC13,-29.59428888
WW-299,INRA,DeltaC13,-30.49186215
WW-300,INRA,DeltaC13,-30.00442718
WW-301,INRA,DeltaC13,-30.09328844
WW-302,INRA,DeltaC13,-28.87540489
WW-303,INRA,DeltaC13,-30.28064874
WW-304,INRA,DeltaC13,-29.67257404
WW-305,INRA,DeltaC13,-29.72779911
WW-306,INRA,DeltaC13,-29.38569153
WW-307,INRA,DeltaC13,-29.22293077
WW-308,INRA,DeltaC13,-30.33701556
WW-309,INRA,DeltaC13,-28.84832652
WW-310,INRA,DeltaC13,-29.33281815
WW-311,INRA,DeltaC13,
WW-312,INRA,DeltaC13,-29.54109385
WW-313,INRA,DeltaC13,-29.69404457
WW-314,INRA,DeltaC13,-29.45629718
WW-315,INRA,DeltaC13,-30.45928407
WW-316,INRA,DeltaC13,-30.53111334
WW-317,INRA,DeltaC13,-29.05504687
WW-318,INRA,DeltaC13,-29.17000098
WW-319,INRA,DeltaC13,-29.84995938
WW-321,INRA,DeltaC13,-29.60133416
WW-322,INRA,DeltaC13,-29.31998726
WW-323,INRA,DeltaC13,-29.25015918
WW-324,INRA,DeltaC13,-29.57591647
WW-325,INRA,DeltaC13,-29.1088534
WW-326,INRA,DeltaC13,-29.72838889
WW-327,INRA,DeltaC13,-29.61233709
WW-328,INRA,DeltaC13,-29.30794483
WW-329,INRA,DeltaC13,-29.11346941
WW-330,INRA,DeltaC13,-29.25501709
WW-331,INRA,DeltaC13,-30.04606556
WW-332,INRA,DeltaC13,-29.55613108
WW-333,INRA,DeltaC13,-28.82117476
WW-334,INRA,DeltaC13,-28.77641254
WW-335,INRA,DeltaC13,-29.94590634
WW-336,INRA,DeltaC13,-29.68192609
WW-337,INRA,DeltaC13,-29.23140227
WW-338,INRA,DeltaC13,-29.3443786
WW-339,INRA,DeltaC13,-29.49449295
WW-340,INRA,DeltaC13,-29.30354294
WW-341,INRA,DeltaC13,-30.16656357
WW-342,INRA,DeltaC13,-29.25134044
WW-343,INRA,DeltaC13,-29.70483985
WW-344,INRA,DeltaC13,-29.52163407
WW-345,INRA,DeltaC13,-29.46957589
WW-346,INRA,DeltaC13,-29.44538247
WW-347,INRA,DeltaC13,-29.91650647
WW-348,INRA,DeltaC13,-29.45706041
WW-349,INRA,DeltaC13,-29.37812051
WW-350,INRA,DeltaC13,-29.61549314
WW-351,INRA,DeltaC13,-29.63787847
WW-352,INRA,DeltaC13,-29.84334594
WW-353,INRA,DeltaC13,-29.34807949
WW-354,INRA,DeltaC13,-29.33575698
WW-355,INRA,DeltaC13,-29.8178709
WW-356,INRA,DeltaC13,-29.6320172
WW-357,INRA,DeltaC13,-29.96044574
WW-358,INRA,DeltaC13,-30.2142303
WW-359,INRA,DeltaC13,-29.60131741
WW-360,INRA,DeltaC13,-29.4827536
WW-361,INRA,DeltaC13,-30.16585316
WW-362,INRA,DeltaC13,-29.48211453
WW-363,INRA,DeltaC13,-29.54549653
WW-364,INRA,DeltaC13,-29.79038779
WW-365,INRA,DeltaC13,-28.80069258
WW-366,INRA,DeltaC13,-30.20758881
WW-367,INRA,DeltaC13,-29.79855625
WW-368,INRA,DeltaC13,-30.14347584
WW-369,INRA,DeltaC13,-30.04009905
WW-371,INRA,DeltaC13,-30.07536895
WW-372,INRA,DeltaC13,-29.87920894
WW-374,INRA,DeltaC13,-29.82967323
WW-375,INRA,DeltaC13,-29.35381518
WW-376,INRA,DeltaC13,-29.70411587
WW-377,INRA,DeltaC13,-29.97649129
WW-378,INRA,DeltaC13,-29.9804597
WW-379,INRA,DeltaC13,-29.33511454
WW-380,INRA,DeltaC13,-28.97668991
WW-381,INRA,DeltaC13,-30.19994314
WW-382,INRA,DeltaC13,-30.0771325
WW-383,INRA,DeltaC13,-29.42932192
WW-384,INRA,DeltaC13,-30.22898886
WW-385,INRA,DeltaC13,-29.4558118
WW-386,INRA,DeltaC13,-29.72555032
WW-387,INRA,DeltaC13,-29.72500822
WW-388,INRA,DeltaC13,-30.20607826
WW-389,INRA,DeltaC13,-29.46105624
WW-390,INRA,DeltaC13,-29.39922024
WW-391,INRA,DeltaC13,-29.85512339
WW-392,INRA,DeltaC13,-29.21907539
WW-393,INRA,DeltaC13,-30.36666036
WW-394,INRA,DeltaC13,-29.74017227
WW-396,INRA,DeltaC13,-29.57349768
WW-397,INRA,DeltaC13,-28.95505501
WW-398,INRA,DeltaC13,-30.04944905
WW-399,INRA,DeltaC13,-30.14364579
WW-400,INRA,DeltaC13,-29.48923963
WW-401,INRA,DeltaC13,-29.40113695
WW-402,INRA,DeltaC13,-29.60489832
WW-403,INRA,DeltaC13,-27.97297907
WW-404,INRA,DeltaC13,-29.95415367
WW-405,INRA,DeltaC13,-30.16627101
WW-406,INRA,DeltaC13,-29.22434232
WW-407,INRA,DeltaC13,-28.8613384
WW-408,INRA,DeltaC13,-29.62047718
WW-409,INRA,DeltaC13,-29.24598512
WW-410,INRA,DeltaC13,-29.1651072
WW-411,INRA,DeltaC13,-29.79439763
WW-412,INRA,DeltaC13,-29.72300767
WW-413,INRA,DeltaC13,-29.51368622
WW-414,INRA,DeltaC13,-29.16455321
WW-415,INRA,DeltaC13,-28.80996372
WW-416,INRA,DeltaC13,-29.51671836
WW-417,INRA,DeltaC13,-30.9465988
WW-419,INRA,DeltaC13,-29.0115084
WW-420,INRA,DeltaC13,-30.15115014
WW-421,INRA,DeltaC13,-29.67604652
WW-422,INRA,DeltaC13,-29.1253591
WW-423,INRA,DeltaC13,-29.67957079
WW-424,INRA,DeltaC13,-29.76951987
WW-425,INRA,DeltaC13,-29.87603105
WW-426,INRA,DeltaC13,-29.20883168
WW-427,INRA,DeltaC13,-29.44631451
WW-428,INRA,DeltaC13,-30.79595619
WW-429,INRA,DeltaC13,-29.17826705
WW-430,INRA,DeltaC13,-29.507767
WW-431,INRA,DeltaC13,-30.04713888
WW-432,INRA,DeltaC13,-30.43464631
WW-433,INRA,DeltaC13,-30.45902525
WW-434,INRA,DeltaC13,-29.4988502
WW-435,INRA,DeltaC13,-29.7948358
WW-436,INRA,DeltaC13,-28.74303797
WW-437,INRA,DeltaC13,-29.23731093
WW-438,INRA,DeltaC13,-28.65511291
WW-439,INRA,DeltaC13,-29.53918123
WW-440,INRA,DeltaC13,-29.30299466
WW-441,INRA,DeltaC13,-29.65429708
WW-442,INRA,DeltaC13,-28.91836212
WW-444,INRA,DeltaC13,-30.03947664
WW-445,INRA,DeltaC13,-30.3755877
WW-446,INRA,DeltaC13,-29.87682091
WW-447,INRA,DeltaC13,-29.15127926
WW-448,INRA,DeltaC13,-29.13698686
WW-449,INRA,DeltaC13,-29.74806253
WW-450,INRA,DeltaC13,-29.22417685
WW-451,INRA,DeltaC13,-29.25340387
WW-452,INRA,DeltaC13,-30.58919203
WW-453,INRA,DeltaC13,-31.02918935
WW-454,INRA,DeltaC13,-30.20308001
WW-455,INRA,DeltaC13,-26.65168549
WW-456,INRA,DeltaC13,-29.98414157
WW-457,INRA,DeltaC13,-30.28169525
WW-458,INRA,DeltaC13,-30.43444093
WW-459,INRA,DeltaC13,-29.98012312
WW-460,INRA,DeltaC13,-29.77098855
WW-461,INRA,DeltaC13,-28.75243806
WW-462,INRA,DeltaC13,-30.01528778
WW-463,INRA,DeltaC13,-30.86013214
WW-464,INRA,DeltaC13,-29.66142629
WW-465,INRA,DeltaC13,-28.76150994
WW-467,INRA,DeltaC13,-29.67639825
WW-468,INRA,DeltaC13,-28.86827792
WW-469,INRA,DeltaC13,-31.10739033
WW-470,INRA,DeltaC13,-29.93504479
WW-471,INRA,DeltaC13,-30.72376638
WW-472,INRA,DeltaC13,-30.15331314
WW-473,INRA,DeltaC13,-30.32792891
WW-474,INRA,DeltaC13,-30.48975547
WW-475,INRA,DeltaC13,-28.61059631
WW-476,INRA,DeltaC13,-28.71465425
WW-477,INRA,DeltaC13,-29.81566861
WW-478,INRA,DeltaC13,-30.2533121
WW-479,INRA,DeltaC13,-29.80208428
WW-480,INRA,DeltaC13,-28.65183508
WW-481,INRA,DeltaC13,-29.6780037
WW-482,INRA,DeltaC13,-29.19344222
WW-483,INRA,DeltaC13,-29.29551619
WW-484,INRA,DeltaC13,-30.33200902
WW-485,INRA,DeltaC13,-29.52610087
WW-486,INRA,DeltaC13,-29.21550527
WW-487,INRA,DeltaC13,-30.28018949
WW-488,INRA,DeltaC13,-30.7060331
WW-489,INRA,DeltaC13,-30.38592922
WW-490,INRA,DeltaC13,-30.2732619
WW-492,INRA,DeltaC13,-29.03611442
WW-493,INRA,DeltaC13,-29.4641906
WW-494,INRA,DeltaC13,-29.64231974
WW-495,INRA,DeltaC13,-30.19743213
WW-496,INRA,DeltaC13,-30.09506172
WW-497,INRA,DeltaC13,-29.1698456
WW-498,INRA,DeltaC13,-29.27096868
WW-499,INRA,DeltaC13,-28.98783442
WW-500,INRA,DeltaC13,-29.35425792
WW-501,INRA,DeltaC13,-30.44696682
WW-502,INRA,DeltaC13,-29.45427038
WW-503,INRA,DeltaC13,-30.80621032
WW-504,INRA,DeltaC13,-29.75764729
WW-505,INRA,DeltaC13,-29.70705951
WW-506,INRA,DeltaC13,-30.21423942
WW-507,INRA,DeltaC13,-29.33923194
WW-508,INRA,DeltaC13,-30.11088484
WW-509,INRA,DeltaC13,-29.96367798
WW-510,INRA,DeltaC13,-30.28929065
WW-511,INRA,DeltaC13,-29.81788751
WW-512,INRA,DeltaC13,-29.85283188
